number;seq
0;TTTTATAACCAAGTGAAAAACCGTTTTACGGAATGAATTTACGTTACT
1;TGCCAGGGGCCCCCTGATGCCGTCCCGTACCCGATTACTGGTGGGAGA
3;CCCCGCTACCGCTTTGGGACGTTTTCGCTGGTTTACAGGAGTCCAGGA
4;CCACGGCGGGTCTTGCCCTCACGCCTGACTCACGGACTGTGAGGGGTA
6;GATTCAGAAACAGGCGCACGGGAGGCGTGGTAAGTCTATTGGTTCGGA
8;CGAGGGCTCACGTTAAGTGGAGTCTCGTTTGGGGGTACGAGCCTCGGG
9;ACTTTACGAGCGCCCACGGGCGTCGCCCCTTTATCTTACAGGACCGTA
10;GCTCGCTTGGCACCTCGTATGGGTGTAGACGTTTTTGGAATGGGAGGG
11;GACGGTTTCGAGGCGGTTCCAGTTCCCGTTCGTACCGGGGATTGGTGC
12;ATCGGGGTTTTGTCGCGGTTCGTCTGGCTCTGCGTTGTCCTCACGAGT
13;GGCCGTGTGACTCAGCGGACCGCACTCCCTCGTTTGCAGGACGACTGT
14;TTACGGCCCCCCTTGTGGCTTGTTTGGGAATTGAGCGTCGTTTCACTC
15;TTCTATCGGATGACTAATCTGTGCTTTTTTCTTGTTCGCCGTACTTCG